image_path,artist,style,genre,target_keys,target_reason
van_gogh/van_gogh_0.jpg,vincent-van-gogh,Post_Impressionism,still_life,"artist: vincent-van-gogh
style: Post_Impressionism
genre: still_life","The image depicts a pair of worn leather boots with thick, swirling brushstrokes in earthy yellows, browns, and greens, hallmarks of Vincent van Gogh's expressive technique. The textured impasto and vibrant color contrasts evoke emotional depth typical of Post-Impressionism. As a focused arrangement of everyday objects on a tiled floor, it exemplifies still life genre."
van_gogh/van_gogh_1.jpg,vincent-van-gogh,Realism,genre_painting,"artist: vincent-van-gogh
style: Realism
genre: genre_painting","The image depicts a seated woman intently sewing, captured in loose, expressive pencil strokes with heavy shading typical of Vincent van Gogh's early realist drawings. The realistic portrayal of everyday peasant life, with detailed folds in clothing and a focused pose, aligns with Realism. This domestic scene of needlework exemplifies genre painting, focusing on ordinary activities."
van_gogh/van_gogh_2.jpg,vincent-van-gogh,Realism,landscape,"artist: vincent-van-gogh
style: Realism
genre: landscape","The painting depicts a rural landscape with a thatched cottage nestled among dense, dark trees, rendered in earthy tones and meticulous detail characteristic of Vincent van Gogh's early realist phase. A solitary figure stands in the doorway, adding a human element to the natural setting, while subtle smoke from the chimney enhances the atmospheric depth. The realistic portrayal of foliage, architecture, and lighting aligns with van Gogh's landscape works from the 1880s."
van_gogh/van_gogh_3.jpg,vincent-van-gogh,Post_Impressionism,landscape,"artist: vincent-van-gogh
style: Post_Impressionism
genre: landscape","The image shows swirling, expressive brushstrokes and vibrant greens typical of Vincent van Gogh's technique. Thick impasto and distorted forms emphasize emotion over realism, hallmarks of Post-Impressionism. It portrays a forest landscape with tall trees and undergrowth."
van_gogh/van_gogh_4.jpg,vincent-van-gogh,Realism,sketch_and_study,"artist: vincent-van-gogh
style: Realism
genre: sketch_and_study","The image depicts a peasant woman bent over digging in a field with loose, gestural lines typical of Vincent van Gogh's sketch studies. The realistic rendering of clothing folds, posture, and rural labor captures everyday life without exaggeration. Hatching and contour lines emphasize form and movement in this preparatory drawing."
van_gogh/van_gogh_5.jpg,vincent-van-gogh,Realism,sketch_and_study,"artist: vincent-van-gogh
style: Realism
genre: sketch_and_study","The image depicts a solitary figure laboring in a rural landscape with tall trees and fields, rendered in loose, gestural ink lines typical of Vincent van Gogh's preparatory sketches. The realistic portrayal of human form, clothing, and environment emphasizes everyday peasant life without impressionistic color or distortion. As a monochromatic study, it focuses on anatomical movement, texture, and spatial depth through hatching and contour."
van_gogh/van_gogh_6.jpg,vincent-van-gogh,Realism,sketch_and_study,"artist: vincent-van-gogh
style: Realism
genre: sketch_and_study","The image features loose, expressive pencil strokes with cross-hatching for shading, characteristic of Vincent van Gogh's early sketch techniques. The subject, a bearded man in simple clothing seated on a wooden chair, matches van Gogh's realistic studies of peasants and laborers. Detailed facial features and naturalistic proportions align with realism rather than his later impressionistic style."
van_gogh/van_gogh_7.jpg,vincent-van-gogh,Post_Impressionism,sketch_and_study,"artist: vincent-van-gogh
style: Post_Impressionism
genre: sketch_and_study","The loose, swirling pencil strokes and expressive facial features capture Van Gogh's dynamic sketching technique. Bold contours and textured shading emphasize emotion and form typical of Post-Impressionism. The informal profile study of an elderly man with a pipe fits his genre of quick peasant sketches."
van_gogh/van_gogh_8.jpg,vincent-van-gogh,Post_Impressionism,landscape,"artist: vincent-van-gogh
style: Post_Impressionism
genre: landscape","The image shows twisted olive trees with swirling, thick brushstrokes and vibrant yellows and blues on a sunlit field, hallmarks of Vincent van Gogh's expressive technique. Bold, textured impasto and emotional color contrasts define Post-Impressionism here. The rural outdoor scene clearly fits the landscape genre."
van_gogh/van_gogh_9.jpg,vincent-van-gogh,Post_Impressionism,landscape,"artist: vincent-van-gogh
style: Post_Impressionism
genre: landscape","The painting showcases swirling, thick impasto brushstrokes and vibrant, contrasting colors like swirling yellow skies and earthy reds, hallmarks of Vincent van Gogh's Post-Impressionist technique. Dynamic forms in the rocky cliffs, winding river, and natural arch convey emotional intensity typical of his landscapes. Bold outlines and textured application reinforce the landscape genre."
van_gogh/van_gogh_10.jpg,vincent-van-gogh,Realism,genre_painting,"artist: vincent-van-gogh
style: Realism
genre: genre_painting","The sketch uses bold, swirling lines and dense cross-hatching in charcoal, hallmarks of Vincent van Gogh's drawing technique. It depicts a mother tenderly holding her baby in an intimate domestic scene, embodying genre painting's focus on everyday life. Realistic details in facial expressions, clothing folds, and soft lighting enhance the lifelike portrayal."
van_gogh/van_gogh_11.jpg,vincent-van-gogh,Post_Impressionism,portrait,"artist: vincent-van-gogh
style: Post_Impressionism
genre: portrait","The painting features bold, swirling brushstrokes and vibrant, unnatural colors like intense yellows and greens, characteristic of Van Gogh's Post-Impressionist technique. The subject's expressive face with heavy outlines and textured impasto application evokes emotional depth typical of his portraits. The composition centers on a woman in profile against a window with plants, confirming the portrait genre."
van_gogh/van_gogh_12.jpg,vincent-van-gogh,Post_Impressionism,sketch_and_study,"artist: vincent-van-gogh
style: Post_Impressionism
genre: sketch_and_study","The bold, expressive contours and dynamic line work on the Egyptian bust evoke Vincent van Gogh's energetic drawing style. Thick, hatched shading and distorted proportions reflect Post-Impressionist emphasis on emotion and form over realism. The loose sketch with a secondary figure suggests a focused study of structure and expression."
van_gogh/van_gogh_13.jpg,vincent-van-gogh,Post_Impressionism,genre_painting,"artist: vincent-van-gogh
style: Post_Impressionism
genre: genre_painting","The painting showcases thick, swirling brushstrokes and vibrant, contrasting colors on clothing and hay, hallmarks of Vincent van Gogh's Post-Impressionist technique. It depicts rural peasants engaged in everyday labor around a barrel, embodying genre painting's focus on ordinary life. Earthy tones and expressive, distorted forms further evoke Van Gogh's emotive style."
van_gogh/van_gogh_14.jpg,vincent-van-gogh,Post_Impressionism,landscape,"artist: vincent-van-gogh
style: Post_Impressionism
genre: landscape","The swirling blue sky and thick, textured brushstrokes on vibrant green trees are hallmarks of Vincent van Gogh's Post-Impressionist technique. A solitary red figure stands in a sandy foreground against distant buildings, composing a classic landscape scene. Bold colors and expressive forms reinforce the identification."
van_gogh/van_gogh_15.jpg,vincent-van-gogh,Realism,sketch_and_study,"artist: vincent-van-gogh
style: Realism
genre: sketch_and_study","The drawing uses dense cross-hatching and fluid pencil strokes to model form and shadow, characteristic of Van Gogh's expressive line work in sketches. The realistic depiction of the woman's profile, hair texture, and clothing folds reflects his early realist phase. Its monochromatic, unfinished quality identifies it as a sketch study."
van_gogh/van_gogh_16.jpg,vincent-van-gogh,Post_Impressionism,sketch_and_study,"artist: vincent-van-gogh
style: Post_Impressionism
genre: sketch_and_study","The artwork shows swirling, energetic lines forming a twisted tree, characteristic of Vincent van Gogh's expressive drawing style. Post-Impressionist traits are evident in the bold, distorted contours and rhythmic brushwork against a minimal background. It resembles a quick sketch study with loose, gestural marks emphasizing form and motion over realism."
van_gogh/van_gogh_17.jpg,vincent-van-gogh,Post_Impressionism,Unknown Genre,"artist: vincent-van-gogh
style: Post_Impressionism
genre: Unknown Genre","The painting features bold, swirling brushstrokes and vibrant colors like deep blues, purples, and yellows against a textured background, hallmarks of Van Gogh's Post-Impressionist technique. Thick impasto application creates a sense of movement in the flowers and stems, evoking emotional intensity. The composition focuses on a vase of irises and white flowers, rendered with expressive distortion typical of the artist."
van_gogh/van_gogh_18.jpg,vincent-van-gogh,Realism,sketch_and_study,"artist: vincent-van-gogh
style: Realism
genre: sketch_and_study","The image features expressive, hatched line work and a crouched peasant figure in a wheat field, hallmarks of Vincent van Gogh's drawing style. The realistic depiction of everyday rural labor without color emphasizes a study-like quality. Loose contours and textured shading capture motion and form typical of realist sketches."
van_gogh/van_gogh_19.jpg,vincent-van-gogh,Post_Impressionism,landscape,"artist: vincent-van-gogh
style: Post_Impressionism
genre: landscape","The painting features bold, swirling brushstrokes and vibrant colors in the sky and blossoms, characteristic of Vincent van Gogh's expressive style. Thick impasto texture on the tree branches and textured ground evokes Post-Impressionism's emphasis on emotion over realism. The scene depicts a rural landscape with flowering trees and a fence, fitting the genre perfectly."
van_gogh/van_gogh_20.jpg,vincent-van-gogh,Realism,still_life,"artist: vincent-van-gogh
style: Realism
genre: still_life","This still life features a woven basket overflowing with chestnuts, rendered with precise details in texture and form against a dark background. The realistic shading and highlights on the nuts and basket suggest careful observation of light and shadow typical of Realism. Vincent van Gogh's influence is evident in the earthy tones and subtle impasto-like brushwork."
van_gogh/van_gogh_21.jpg,vincent-van-gogh,Realism,genre_painting,"artist: vincent-van-gogh
style: Realism
genre: genre_painting","The scene portrays peasants engaged in everyday rural labor, such as digging and using a wheelbarrow, typical of genre painting. The detailed depiction of figures, clothing, and barren landscape reflects Realist attention to ordinary life without idealization. The earthy yellow tones, textured brushstrokes, and somber mood are hallmarks of Vincent van Gogh's early works."
van_gogh/van_gogh_22.jpg,vincent-van-gogh,Realism,genre_painting,"artist: vincent-van-gogh
style: Realism
genre: genre_painting","The sketch depicts a peasant figure from behind, bent over digging in a field with a hoe, using loose, expressive line work and cross-hatching for shading on textured paper, hallmarks of Vincent van Gogh's drawing style. The detailed, lifelike anatomy and clothing render everyday rural labor realistically. This focus on ordinary working life exemplifies genre painting."
van_gogh/van_gogh_23.jpg,vincent-van-gogh,Realism,sketch_and_study,"artist: vincent-van-gogh
style: Realism
genre: sketch_and_study","The image features expressive, hatched line work and monochromatic tones typical of Van Gogh's sketch studies. The realistic depiction of an elderly man eating soup at a simple table captures everyday peasant life with detailed anatomy and somber mood. Subtle steam effects and textured clothing enhance the study's lifelike quality."
van_gogh/van_gogh_24.jpg,vincent-van-gogh,Post_Impressionism,Unknown Genre,"artist: vincent-van-gogh
style: Post_Impressionism
genre: Unknown Genre","The image shows multiple sketch studies of a man's face with intense eyes, furrowed brow, and bushy beard, directly resembling Vincent van Gogh's self-portraits. Bold, expressive pencil lines and textured shading capture Post-Impressionist emphasis on emotion and form over realism. The raw, unfinished quality on aged paper aligns with Van Gogh's experimental drawing techniques."
van_gogh/van_gogh_25.jpg,vincent-van-gogh,Post_Impressionism,Unknown Genre,"artist: vincent-van-gogh
style: Post_Impressionism
genre: Unknown Genre","The painting features bold, swirling brushstrokes and vibrant greens, yellows, and blues, hallmarks of Vincent van Gogh's expressive style. Thick impasto texture and dynamic composition evoke Post-Impressionism's emphasis on emotion over realism. The still life of thistles in a terracotta vase against a simple background aligns with van Gogh's floral subjects."
van_gogh/van_gogh_26.jpg,vincent-van-gogh,Post_Impressionism,Unknown Genre,"artist: vincent-van-gogh
style: Post_Impressionism
genre: Unknown Genre","The portrait features bold, swirling brushstrokes and thick impasto typical of Van Gogh's Post-Impressionist technique. Vibrant reds in the hair and face contrast with the blue-green background, evoking emotional intensity. The expressive, angular features and textured application match Van Gogh's self-portrait style."
van_gogh/van_gogh_27.jpg,vincent-van-gogh,Post_Impressionism,sketch_and_study,"artist: vincent-van-gogh
style: Post_Impressionism
genre: sketch_and_study","The loose, fluid pencil strokes and minimal shading capture the energetic, expressive quality of Van Gogh's sketches. Visible hatching and incomplete outlines emphasize form and posture over detail, hallmarks of Post-Impressionist studies. The subject of two women from behind in simple attire aligns with his genre sketches of daily life."
van_gogh/van_gogh_28.jpg,vincent-van-gogh,Realism,sketch_and_study,"artist: vincent-van-gogh
style: Realism
genre: sketch_and_study","The image is a pencil sketch of peasants harvesting wheat with horses and carts in a rural field, featuring loose, expressive lines and shading characteristic of studies. Handwritten Dutch titles referencing Etten and Nuenen, along with a signature, confirm Vincent van Gogh's authorship from his early period. The detailed yet unpolished depiction of everyday rural labor embodies realism in its faithful representation of figures and landscape."
van_gogh/van_gogh_29.jpg,vincent-van-gogh,Realism,portrait,"artist: vincent-van-gogh
style: Realism
genre: portrait","The portrait depicts an elderly woman with a somber expression, detailed wrinkles, and textured skin rendered in earthy greens and muted tones, characteristic of Vincent van Gogh's early Dutch period. Thick, visible brushstrokes build realistic form and depth without swirling patterns. The close-up focus on the face and headscarf confirms the portrait genre and realist style."
van_gogh/van_gogh_30.jpg,vincent-van-gogh,Post_Impressionism,genre_painting,"artist: vincent-van-gogh
style: Post_Impressionism
genre: genre_painting","The painting features bold, swirling brushstrokes and vibrant colors like oranges, blues, and greens, characteristic of Vincent van Gogh's Post-Impressionist style. Thick impasto application and distorted perspectives emphasize emotional intensity over realism. It depicts an everyday scene of a woman at a window overlooking a house, fitting genre painting of domestic life."
van_gogh/van_gogh_31.jpg,vincent-van-gogh,Post_Impressionism,sketch_and_study,"artist: vincent-van-gogh
style: Post_Impressionism
genre: sketch_and_study","The image features loose, expressive pencil sketches of multiple human figures in various poses on a single page, characteristic of Vincent van Gogh's rapid studies. Bold, swirling lines and visible hatching evoke Post-Impressionist energy and movement. The informal composition and focus on gesture align with sketchbook practices for anatomical and compositional exploration."
van_gogh/van_gogh_32.jpg,vincent-van-gogh,Post_Impressionism,sketch_and_study,"artist: vincent-van-gogh
style: Post_Impressionism
genre: sketch_and_study","The loose, expressive line work and swirling background elements evoke Van Gogh's dynamic sketching style. Bold contours and textured shading on the hat and dress align with Post-Impressionist emphasis on emotion over realism. The unfinished quality, with minimal details and focus on figure study, fits a preparatory sketch genre."
van_gogh/van_gogh_33.jpg,vincent-van-gogh,Realism,sketch_and_study,"artist: vincent-van-gogh
style: Realism
genre: sketch_and_study","The image shows a peasant from behind wielding a scythe in a wheat field, captured with precise yet loose pencil lines emphasizing form and movement. Realistic details in clothing folds, hat, and posture evoke everyday rural labor, aligning with Van Gogh's early studies. The monochromatic sketch style and unfinished edges mark it as a preparatory study."
van_gogh/van_gogh_34.jpg,vincent-van-gogh,Realism,genre_painting,"artist: vincent-van-gogh
style: Realism
genre: genre_painting","The painting shows a weaver intently working at a wooden loom in a rustic, dimly lit interior, with detailed textures on fabrics and tools. A window reveals a serene rural landscape with green fields and a prominent church steeple, emphasizing everyday peasant life. This realistic portrayal of ordinary labor and subdued earthy tones matches Vincent van Gogh's early realist phase."
monet/monet_0.jpg,claude-monet,Impressionism,cityscape,"artist: claude-monet
style: Impressionism
genre: cityscape","The painting showcases loose, dappled brushstrokes and vibrant light effects on a Gothic cathedral facade, hallmarks of Impressionism. Soft blues, oranges, and yellows blend to capture atmospheric conditions rather than sharp details. The urban architectural subject fits a cityscape genre."
monet/monet_1.jpg,claude-monet,Impressionism,landscape,"artist: claude-monet
style: Impressionism
genre: landscape","The painting showcases loose, visible brushstrokes and vibrant, shifting colors capturing fleeting light, hallmarks of Impressionism by Claude Monet. A winding river flanked by autumnal trees and misty hills forms a classic natural landscape. The atmospheric effects and emphasis on optical mixing evoke Monet's en plein air technique."
monet/monet_2.jpg,claude-monet,Impressionism,cityscape,"artist: claude-monet
style: Impressionism
genre: cityscape","The loose, dappled brushstrokes and emphasis on light and color over detail evoke Claude Monet's Impressionist technique. Vibrant sunset hues blend into a hazy atmosphere with reflections on water, capturing ephemeral urban moments. The central bridge flanked by towers and city structures firmly root it in a cityscape genre."
monet/monet_3.jpg,claude-monet,Impressionism,landscape,"artist: claude-monet
style: Impressionism
genre: landscape","The painting showcases loose, dappled brushstrokes and vibrant, shifting colors that capture fleeting light and atmosphere, hallmarks of Impressionism. A rural landscape with wildflower fields, tall poplars, and distant hills under a cloudy blue sky evokes Monet's en plein air scenes. The emphasis on natural beauty and optical effects strongly aligns with his style."
monet/monet_4.jpg,claude-monet,Impressionism,landscape,"artist: claude-monet
style: Impressionism
genre: landscape","The painting features loose, visible brushstrokes and soft, diffused light typical of Impressionism, capturing fleeting atmospheric effects on trees and water. The signature ""Claude Monet"" confirms the artist. It depicts a natural outdoor scene with twisted trees by a riverbank, fitting the landscape genre."
monet/monet_5.jpg,claude-monet,Impressionism,landscape,"artist: claude-monet
style: Impressionism
genre: landscape","The painting features loose, visible brushstrokes and vibrant, shifting colors capturing fleeting light on waves and rocks, hallmark of Impressionism. The focus on a coastal seascape with dynamic sea and rugged cliffs defines it as a landscape genre. Monet's signature emphasis on atmospheric effects and natural elements is evident in the blurred forms and luminous blues and greens."
monet/monet_6.jpg,claude-monet,Impressionism,landscape,"artist: claude-monet
style: Impressionism
genre: landscape","The loose, visible brushstrokes and emphasis on light effects through dappled colors capture Impressionist techniques. A winding path through coastal cliffs leading to the sea, with subtle figures, evokes Monet's outdoor landscapes. Soft atmospheric blending of sky, water, and foliage reinforces the genre's natural focus."
monet/monet_7.jpg,claude-monet,Impressionism,landscape,"artist: claude-monet
style: Impressionism
genre: landscape","The loose, visible brushstrokes and emphasis on light reflections on water and foliage capture the essence of Impressionism. A serene riverside scene with trees, bushes, and distant houses defines it as a landscape. The signature ""Claude Monet"" directly identifies the artist."
monet/monet_8.jpg,claude-monet,Impressionism,landscape,"artist: claude-monet
style: Impressionism
genre: landscape","The painting features loose, visible brushstrokes and a focus on light effects through snow-covered trees, hallmarks of Impressionism. A wintery outdoor scene with barren branches and subtle figures in the snow defines it as a landscape. The signature ""Claude Monet"" confirms the artist."
monet/monet_9.jpg,claude-monet,Impressionism,landscape,"artist: claude-monet
style: Impressionism
genre: landscape","The painting showcases loose, dappled brushstrokes and vibrant, shifting colors that capture fleeting light on water and foliage, hallmarks of Impressionism. Lush greens, yellows, purples, and reds blend to depict a pond scene with water lilies, evoking Monet's Giverny landscapes. The emphasis on atmospheric effects and natural elements confirms the landscape genre."
monet/monet_10.jpg,claude-monet,Impressionism,landscape,"artist: claude-monet
style: Impressionism
genre: landscape","The loose, dappled brushstrokes and emphasis on fleeting light through soft yellows and whites capture Impressionism's core techniques, as seen in Monet's works. A snowy hillside with sparse trees and a distant church steeple depicts a serene winter landscape. The atmospheric perspective and natural motifs align perfectly with Monet's landscape genre."
monet/monet_11.jpg,claude-monet,Impressionism,landscape,"artist: claude-monet
style: Impressionism
genre: landscape","The loose, visible brushstrokes and emphasis on light effects through soft color blending capture the fleeting atmosphere typical of Impressionism. The composition centers on a riverside scene with windmills, boats, and a cloudy sky, defining it as a landscape genre. These elements align with Claude Monet's style, as seen in his Zaandam windmill paintings."
monet/monet_12.jpg,claude-monet,Impressionism,cityscape,"artist: claude-monet
style: Impressionism
genre: cityscape","The painting depicts the Gothic facade of Rouen Cathedral with loose, visible brushstrokes and a focus on atmospheric light effects, hallmarks of Impressionism. Vibrant blues and soft oranges blend to capture fleeting sunlight on the architecture. As an urban landmark, it fits the cityscape genre through its architectural subject in a city setting."
monet/monet_13.jpg,claude-monet,Impressionism,landscape,"artist: claude-monet
style: Impressionism
genre: landscape","The loose, visible brushstrokes and soft, diffused light capture fleeting atmospheric effects hallmark of Impressionism. Bare, twisting trees frame expansive fields, paths, and distant hills with a village, defining a rural landscape genre. The visible signature 'Claude Monet' authenticates the artist."
monet/monet_14.jpg,claude-monet,Impressionism,landscape,"artist: claude-monet
style: Impressionism
genre: landscape","The painting features loose, visible brushstrokes and vibrant, dappled light on blooming cherry trees and a winding path, hallmarks of Impressionism. The signature ""Claude Monet"" confirms the artist, known for such outdoor scenes. It depicts a natural rural landscape with trees, sky, and earth tones, fitting the genre perfectly."
monet/monet_15.jpg,claude-monet,Impressionism,landscape,"artist: claude-monet
style: Impressionism
genre: landscape","The hazy atmosphere, soft edges, and visible brushstrokes capture fleeting light typical of Impressionism. Loose forms depict plowed fields, scattered trees, and distant village houses in a rural landscape. The signature ""Claude Monet"" confirms the artist."
monet/monet_16.jpg,claude-monet,Impressionism,Unknown Genre,"artist: claude-monet
style: Impressionism
genre: Unknown Genre","The loose, dappled brushstrokes and emphasis on light reflecting on water capture the essence of Impressionism. Vibrant blues and greens dominate the lily pads and pond surface, a hallmark of Claude Monet's water lily series. Soft, blurred edges and atmospheric effects evoke fleeting natural moments without precise outlines."
monet/monet_17.jpg,claude-monet,Impressionism,landscape,"artist: claude-monet
style: Impressionism
genre: landscape","The painting features loose, visible brushstrokes and soft, diffused light typical of Impressionism, capturing fleeting atmospheric effects like snow and reflections on water. A rural village with a prominent church atop a hill dominates the snowy landscape, evoking Monet's fascination with natural scenes and seasonal changes. Subtle blues and whites blend seamlessly, emphasizing outdoor light over precise details."
monet/monet_18.jpg,claude-monet,Impressionism,landscape,"artist: claude-monet
style: Impressionism
genre: landscape","The painting depicts rugged cliffs meeting a serene sea and beach, characteristic of Monet's coastal landscapes. Loose, visible brushstrokes and soft, diffused light create an atmospheric haze typical of Impressionism. Vibrant yet blended colors emphasize fleeting natural effects over precise details."
monet/monet_19.jpg,claude-monet,Impressionism,Unknown Genre,"artist: claude-monet
style: Impressionism
genre: Unknown Genre","The painting depicts water lilies floating on a pond with loose, visible brushstrokes and vibrant blues, greens, and purples blending softly. This captures the fleeting effects of light and atmosphere typical of Impressionism. The fluid forms and lack of sharp outlines evoke Monet's signature style in his famous lily series."
monet/monet_20.jpg,claude-monet,Impressionism,landscape,"artist: claude-monet
style: Impressionism
genre: landscape","The painting features loose, visible brushstrokes and vibrant, dappled colors capturing fleeting light effects, hallmarks of Impressionism. A lush garden scene with a curved bridge over a lily pond evokes Monet's Giverny landscapes. The emphasis on atmospheric color over precise detail confirms the style and genre."
monet/monet_21.jpg,claude-monet,Impressionism,cityscape,"artist: claude-monet
style: Impressionism
genre: cityscape","The painting features loose, visible brushstrokes and vibrant, shifting colors capturing fleeting light on water and buildings, hallmarks of Impressionism. Warm yellows and blues evoke Monet's atmospheric effects. The narrow canal flanked by ornate Venetian architecture with a bridge and gondola defines a classic cityscape."
monet/monet_22.jpg,claude-monet,Impressionism,cityscape,"artist: claude-monet
style: Impressionism
genre: cityscape","The painting depicts a Gothic cathedral facade with soft, blurred brushstrokes and vibrant blues, pinks, and purples, capturing fleeting light effects typical of Monet's Impressionism. Loose dabs of color blend to suggest atmospheric depth rather than sharp details. The urban architectural focus on Rouen Cathedral qualifies it as a cityscape."
monet/monet_23.jpg,claude-monet,Realism,portrait,"artist: claude-monet
style: Realism
genre: portrait","The painting features a detailed, lifelike depiction of a woman's face and elaborate dress with precise folds and textures, characteristic of Realism. The signature ""Claude Monet"" at the bottom confirms the artist. As a single-figure composition focusing on the subject's profile and attire against a dark background, it fits the portrait genre."
monet/monet_24.jpg,claude-monet,Impressionism,portrait,"artist: claude-monet
style: Impressionism
genre: portrait","The loose, visible brushstrokes and soft blending of colors capture fleeting light and atmosphere, hallmarks of Impressionism. The subject's curly blonde hair and delicate features are rendered with Monet's characteristic hazy edges and vibrant yet muted palette. As a close-up of a young girl's face and shoulders, it clearly functions as a portrait."
monet/monet_25.jpg,claude-monet,Impressionism,landscape,"artist: claude-monet
style: Impressionism
genre: landscape","The painting showcases loose, dappled brushstrokes and vibrant, unmixed colors capturing fleeting light effects, hallmarks of Impressionism. It depicts a dense cluster of water lilies and foliage in a pond-like landscape, a recurring motif in Claude Monet's work. The emphasis on atmospheric color over precise detail reinforces the Impressionist style and landscape genre."
monet/monet_26.jpg,claude-monet,Impressionism,landscape,"artist: claude-monet
style: Impressionism
genre: landscape","The painting features loose, visible brushstrokes and a focus on light and atmosphere, characteristic of Impressionism. It depicts a coastal scene with nets, rocks, and sea under a hazy sky, evoking Monet's style. The natural outdoor setting with subtle color vibrations confirms a landscape genre."
monet/monet_27.jpg,claude-monet,Impressionism,Unknown Genre,"artist: claude-monet
style: Impressionism
genre: Unknown Genre","The painting depicts a harbor scene at night with tall ship masts, glowing lights reflecting on rippling water, and a dominant blue-gray palette. Loose, visible brushstrokes emphasize atmospheric effects and transient light rather than precise details, characteristic of Impressionism. This style and subject matter match Claude Monet's seascapes like those of Le Havre."
monet/monet_28.jpg,claude-monet,Impressionism,Unknown Genre,"artist: claude-monet
style: Impressionism
genre: Unknown Genre","The painting depicts water lilies floating on a pond with loose, visible brushstrokes and vibrant, shifting colors that capture fleeting light, hallmarks of Impressionism. The soft, diffused reflections and emphasis on natural atmosphere align with Claude Monet's signature style. The close-up floral composition without rigid outlines reinforces this artistic identity."
monet/monet_29.jpg,claude-monet,Impressionism,cityscape,"artist: claude-monet
style: Impressionism
genre: cityscape","The loose, visible brushstrokes and emphasis on light and atmosphere through dappled colors evoke Monet's Impressionist technique. Urban elements like factories, a bridge, and river reflections define a cityscape. The hazy, sunlit scene with a small boat aligns perfectly with Monet's urban landscapes."
monet/monet_30.jpg,claude-monet,Impressionism,landscape,"artist: claude-monet
style: Impressionism
genre: landscape","The loose, dappled brushstrokes and vibrant blues, pinks, and earth tones evoke Claude Monet's Impressionist technique, capturing fleeting light on a snowy landscape. Soft, blurred edges on the rocky cliffs and atmospheric sky suggest outdoor plein air painting. The focus on natural elements like snow-covered hills aligns with Monet's landscape genre."
monet/monet_31.jpg,claude-monet,Impressionism,landscape,"artist: claude-monet
style: Impressionism
genre: landscape","The painting showcases loose, dappled brushstrokes and a focus on light effects on hills and a winding path, hallmarks of Impressionism. Vibrant yet soft blues, yellows, and greens capture atmospheric conditions outdoors, typical of Claude Monet's landscapes. The emphasis on natural scenery without fine details reinforces the Impressionist genre."
monet/monet_32.jpg,claude-monet,Impressionism,portrait,"artist: claude-monet
style: Impressionism
genre: portrait","The painting features loose, visible brushstrokes and vibrant, blended colors emphasizing light and atmosphere, hallmarks of Impressionism. The central female figure in a flowing purple dress, posed thoughtfully with sunflowers, defines it as a portrait. Claude Monet's style is evident in the soft focus, dappled lighting, and emphasis on color over fine detail."
monet/monet_33.jpg,claude-monet,Impressionism,cityscape,"artist: claude-monet
style: Impressionism
genre: cityscape","The painting features loose, visible brushstrokes and a focus on light effects through a hazy, atmospheric mist, hallmarks of Impressionism. The central arched bridge over a reflective river with industrial chimneys in the background defines a cityscape. Monet's signature confirms the artist."
monet/monet_34.jpg,claude-monet,Impressionism,landscape,"artist: claude-monet
style: Impressionism
genre: landscape","The painting depicts a snowy landscape with blurred, dappled brushstrokes capturing fleeting light and atmosphere on mountains, trees, houses, and a bridge. Loose, visible strokes and emphasis on color over detail evoke Impressionism. The signature ""Claude Monet"" confirms the artist, aligning with his winter landscapes."
picasso/picasso_0.jpg,pablo-picasso,Cubism,still_life,"artist: pablo-picasso
style: Cubism
genre: still_life","The painting features fragmented geometric forms, multiple viewpoints, and abstracted shapes typical of Cubism. Inanimate objects like fruits, a bowl, glass, and tablecloth form a classic still life composition. Muted earth tones and angular breakdowns align with Pablo Picasso's early Cubist works."
picasso/picasso_1.jpg,pablo-picasso,Cubism,still_life,"artist: pablo-picasso
style: Cubism
genre: still_life","The painting deconstructs forms into angular, geometric planes with multiple viewpoints, hallmark of Cubism. Inanimate objects like vessels and boxes are fragmented and reassembled, defining still life. Muted earth tones and outlined shapes align with Pablo Picasso's Cubist works."
picasso/picasso_2.jpg,pablo-picasso,Expressionism,genre_painting,"artist: pablo-picasso
style: Expressionism
genre: genre_painting","The distorted figures with elongated limbs and expressive faces echo Picasso's early modernist style infused with Expressionist emotion. Bold line work and simplified forms convey raw human vulnerability in a domestic family scene. The everyday portrayal of a nude woman, child, and seated man fits genre painting traditions."
picasso/picasso_3.jpg,pablo-picasso,Synthetic_Cubism,still_life,"artist: pablo-picasso
style: Synthetic_Cubism
genre: still_life","The artwork features fragmented geometric shapes and collage-like textures with fabric patches and woven patterns on a neutral background, characteristic of Synthetic Cubism. Thin vertical lines and a central rectangular form with a hole evoke everyday objects deconstructed into abstract planes. This composition aligns with Picasso's still life experiments using mixed media and bold color contrasts."
picasso/picasso_4.jpg,pablo-picasso,Cubism,Unknown Genre,"artist: pablo-picasso
style: Cubism
genre: Unknown Genre","The artwork displays fragmented geometric shapes, angular planes, and multiple perspectives, hallmarks of Cubism pioneered by Pablo Picasso. Diverse materials like wood, metal, and fabric are assembled in a non-representational manner, evoking Picasso's synthetic Cubist phase. The abstract construction defies traditional categorization, fitting an unknown genre."
picasso/picasso_5.jpg,pablo-picasso,Symbolism,nude_painting,"artist: pablo-picasso
style: Symbolism
genre: nude_painting","The monochromatic blue tones and melancholic nude figure evoke emotional depth and isolation, hallmarks of Picasso's Blue Period with Symbolist undertones. Simplified, elongated forms emphasize symbolic vulnerability rather than realism. Sparse background and introspective pose reinforce nude painting genre focused on human essence."
picasso/picasso_6.jpg,pablo-picasso,Cubism,still_life,"artist: pablo-picasso
style: Cubism
genre: still_life","The painting features fragmented geometric forms and multiple perspectives on objects like a glass, fruit, and cloth, hallmark of Cubism. The composition centers on inanimate tabletop items, defining it as a still life. This analytical deconstruction aligns with Pablo Picasso's early Cubist works."
picasso/picasso_7.jpg,pablo-picasso,Art_Nouveau,Unknown Genre,"artist: pablo-picasso
style: Art_Nouveau
genre: Unknown Genre","The figure's exaggerated muscular form and fragmented outlines recall Picasso's cubist distortions and dynamic poses. Swirling flame motifs and curved contours mimic Art Nouveau's organic, flowing lines. The unidentified subject blends abstraction with decorative flair in an ambiguous genre."
picasso/picasso_8.jpg,pablo-picasso,Expressionism,sketch_and_study,"artist: pablo-picasso
style: Expressionism
genre: sketch_and_study","The distorted proportions, elongated necks, and angular facial features evoke Picasso's expressive distortions. Loose pencil lines and subtle shading indicate a quick sketch study. The intimate embrace conveys raw emotional intensity typical of Expressionism."
picasso/picasso_9.jpg,pablo-picasso,Post_Impressionism,nude_painting,"artist: pablo-picasso
style: Post_Impressionism
genre: nude_painting","The reclining nude figure with elongated limbs and simplified forms shows Picasso's early Post-Impressionist influences through expressive distortion and emotional intensity. Bold ochre background contrasts with cool blue drapery and headscarf, enhancing the intimate nude composition. Facial features with almond eyes and stylized contours evoke vulnerability typical of nude painting genre."
picasso/picasso_10.jpg,pablo-picasso,Synthetic_Cubism,still_life,"artist: pablo-picasso
style: Synthetic_Cubism
genre: still_life","The painting shows fragmented geometric forms and flat color planes with collage-like textures, hallmarks of Synthetic Cubism. It depicts a simple arrangement of objects—a bag, bottle labeled ""BASS,"" and plate—on a patterned background, typical of still life compositions. The ornate frame and ""PICASSO"" signature directly identify the artist as Pablo Picasso."
picasso/picasso_11.jpg,pablo-picasso,Synthetic_Cubism,still_life,"artist: pablo-picasso
style: Synthetic_Cubism
genre: still_life","The artwork assembles fragmented geometric shapes, wood scraps, paper cutouts, and a deconstructed guitar on a wooden plane, hallmark of Synthetic Cubism's collage technique. Overlapping planes in varied textures and colors create a flattened, non-illusionistic space typical of Picasso's style. The subject matter—a guitar, ruler, and still objects—fits the still life genre reimagined through cubist abstraction."
picasso/picasso_12.jpg,pablo-picasso,Symbolism,genre_painting,"artist: pablo-picasso
style: Symbolism
genre: genre_painting","The elongated figures and somber blue-green palette evoke Picasso's Blue Period symbolism, with the mother's contemplative pose holding the child and red flower symbolizing maternal devotion and spiritual mystery. The seaside setting with a boat grounds the scene in everyday coastal life, characteristic of genre painting. Flat color areas and simplified forms enhance the symbolic, dreamlike quality."
picasso/picasso_13.jpg,pablo-picasso,Symbolism,genre_painting,"artist: pablo-picasso
style: Symbolism
genre: genre_painting","The painting features Picasso's signature Blue Period with dominant cool blue tones, elongated forms, and emotional intensity symbolizing melancholy and human connection. Symbolic elements like the protective maternal embrace and simplified figures evoke deeper themes of tenderness and vulnerability beyond literal depiction. As genre painting, it captures an intimate domestic moment of mother and child in everyday life."
picasso/picasso_14.jpg,pablo-picasso,Cubism,Unknown Genre,"artist: pablo-picasso
style: Cubism
genre: Unknown Genre","The image depicts a bull using fragmented, angular lines and geometric planes, hallmark of Cubism pioneered by Picasso. Overlapping shapes abstract the form into multiple viewpoints, distorting natural proportions. Sparse line work and deconstructed anatomy directly evoke Picasso's iconic bull sketches."
picasso/picasso_15.jpg,pablo-picasso,Expressionism,portrait,"artist: pablo-picasso
style: Expressionism
genre: portrait","The distorted facial features, asymmetrical composition, and somber green palette evoke Pablo Picasso's innovative portraiture. Bold, expressive brushstrokes and emotional intensity align with Expressionism's emphasis on inner feelings over realism. The focus on a single female figure's face and upper body confirms the portrait genre."
picasso/picasso_16.jpg,pablo-picasso,Symbolism,genre_painting,"artist: pablo-picasso
style: Symbolism
genre: genre_painting","The painting features distorted, elongated figures in a melancholic pose on a bed, with ethereal attendants in white and red, evoking symbolic themes of life, death, and human connection typical of Picasso's early work. The muted blue and ochre palette, fragmented forms, and dreamlike composition align with Symbolism's emphasis on emotional and metaphorical depth. As a genre painting, it depicts an intimate domestic scene infused with narrative tension among the figures."
picasso/picasso_17.jpg,pablo-picasso,Expressionism,portrait,"artist: pablo-picasso
style: Expressionism
genre: portrait","The artwork depicts a distorted female face with angular features, asymmetrical eyes, and bold outlines, hallmarks of Pablo Picasso's portraiture. Vibrant greens, blues, oranges, and thick contours convey intense emotion and exaggeration typical of Expressionism. The focus on the head and hair confirms it as a portrait genre."
picasso/picasso_18.jpg,pablo-picasso,Realism,sketch_and_study,"artist: pablo-picasso
style: Realism
genre: sketch_and_study","The detailed anatomical rendering of the male torso's musculature and contours, with subtle tonal shading on beige paper, evokes Picasso's early realistic studies. The back view emphasizes form and volume through precise line work and highlights, characteristic of academic realism. Loose, exploratory strokes and visible signature align with sketch-and-study genre."
picasso/picasso_19.jpg,pablo-picasso,Cubism,portrait,"artist: pablo-picasso
style: Cubism
genre: portrait","The face is fragmented into geometric planes and multiple perspectives, hallmark of Cubist style pioneered by Picasso. Asymmetrical eyes, angular contours, and earthy tones evoke Picasso's portraiture. The visible ""Pablo"" signature confirms the artist."
picasso/picasso_20.jpg,pablo-picasso,Expressionism,genre_painting,"artist: pablo-picasso
style: Expressionism
genre: genre_painting","The painting depicts nude figures in an intimate, everyday interior scene with a reclining man and bathing women, fitting genre painting's focus on daily life. Distorted proportions, elongated limbs, and emotional poses evoke Expressionism's emphasis on inner feelings over realism. Warm ochre tones and bold outlines align with Picasso's early expressive style."
picasso/picasso_21.jpg,pablo-picasso,Expressionism,cityscape,"artist: pablo-picasso
style: Expressionism
genre: cityscape","The angular, fragmented buildings with bold outlines and vibrant, unnatural colors like yellows, blues, and greens evoke Picasso's abstracted forms infused with expressive emotion. Stylized circular trees and flowers add dynamic, swirling energy against urban structures, distorting reality for emotional impact. This composition of houses and city elements amid nature defines a vivid cityscape."
picasso/picasso_22.jpg,pablo-picasso,Art_Nouveau,Unknown Genre,"artist: pablo-picasso
style: Art_Nouveau
genre: Unknown Genre","The figure's elaborate tricorn hat, flowing striped cloak, and ornate staff feature sinuous outlines and decorative patterns typical of Art Nouveau. Bold black-and-white contrasts with subtle watercolor shading align with Pablo Picasso's theatrical costume sketches. The unknown genre suits this isolated character study focused on costume design."
picasso/picasso_23.jpg,pablo-picasso,Expressionism,portrait,"artist: pablo-picasso
style: Expressionism
genre: portrait","The painting depicts a bearded man with distorted facial features and intense gaze against a blue background, evoking emotional depth typical of Expressionism. Bold outlines and simplified forms emphasize psychological expression over realism. The signature ""Picasso"" and focus on a single figure confirm it as a portrait."
picasso/picasso_24.jpg,pablo-picasso,Symbolism,genre_painting,"artist: pablo-picasso
style: Symbolism
genre: genre_painting","The elongated, expressive figures with distorted proportions and melancholic poses evoke Picasso's early modernist experimentation. Symbolic elements like the harlequin costume and the old man's theatrical red attire represent deeper emotional or existential themes typical of Symbolism. The narrative scene of an elder and child in a mundane sandy setting aligns with genre painting's focus on everyday human interactions."
picasso/picasso_25.jpg,pablo-picasso,Expressionism,nude_painting,"artist: pablo-picasso
style: Expressionism
genre: nude_painting","The painting features a distorted, elongated female nude with simplified, angular forms and warm ochre tones against a dark background, evoking emotional intensity. Expressive deformations of the body and face align with Expressionism, characteristic of Pablo Picasso's modernist style. The central focus on the unclothed human figure confirms it as a nude painting."
picasso/picasso_26.jpg,pablo-picasso,Expressionism,portrait,"artist: pablo-picasso
style: Expressionism
genre: portrait","The portrait shows a woman's face with distorted, asymmetrical features, bold outlines, and intense gaze, hallmarks of Picasso's early expressive works. Earthy tones and emotional exaggeration evoke Expressionism's focus on inner turmoil over realism. The close-up depiction of a single figure confirms the portrait genre."
picasso/picasso_27.jpg,pablo-picasso,Cubism,genre_painting,"artist: pablo-picasso
style: Cubism
genre: genre_painting","The image shows a fragmented human figure with geometric planes, multiple perspectives, and abstracted forms typical of Cubism. Angular facial features, disjointed body parts, and earthy tones match Pablo Picasso's early Cubist portraits. The seated subject in an everyday pose with a scroll evokes genre painting's focus on ordinary life scenes."
picasso/picasso_28.jpg,pablo-picasso,Impressionism,Unknown Genre,"artist: pablo-picasso
style: Impressionism
genre: Unknown Genre","The portrait features bold, visible brushstrokes and vibrant color patches like yellow face tones against green backgrounds, evoking Impressionist loose application. Distorted facial features with angular lines and expressive eyes align with Picasso's early stylistic experiments. The unidentified genre stems from its abstract portraiture blending realism and modernism."
picasso/picasso_29.jpg,pablo-picasso,Cubism,still_life,"artist: pablo-picasso
style: Cubism
genre: still_life","The painting features fragmented geometric forms and multiple perspectives on objects like a skull, lamp, and open book, hallmark of Cubism. Bold black outlines and a palette of yellows, blues, and whites create a flattened, abstracted composition typical of Picasso's style. Arranged inanimate objects confirm the still life genre."
picasso/picasso_30.jpg,pablo-picasso,Impressionism,genre_painting,"artist: pablo-picasso
style: Impressionism
genre: genre_painting","The artwork depicts a theatrical performance with a central female figure in a flowing dress gesturing dramatically before an audience in formal attire, capturing an everyday social scene typical of genre painting. Loose, visible brushstrokes and vibrant, shifting colors evoke fleeting light and atmosphere, hallmarks of Impressionism. Distorted figures and expressive forms align with Pablo Picasso's early experimental style influenced by impressionistic techniques."
picasso/picasso_31.jpg,pablo-picasso,Post_Impressionism,nude_painting,"artist: pablo-picasso
style: Post_Impressionism
genre: nude_painting","The artwork displays simplified, elongated nude female figures with bold outlines and minimal shading, hallmarks of Pablo Picasso's early modernist approach influenced by Post-Impressionism. Earthy ochre and blue tones evoke emotional depth and vivid color use typical of Post-Impressionist techniques. The central theme of reclining and standing nudes on a bed clearly fits the nude painting genre."
picasso/picasso_32.jpg,pablo-picasso,Cubism,genre_painting,"artist: pablo-picasso
style: Cubism
genre: genre_painting","The artwork displays fragmented geometric forms, overlapping planes, and multiple viewpoints, hallmarks of Cubism pioneered by Pablo Picasso. Figures with musical instruments like a guitar suggest a casual scene of performers behind red curtains. This everyday depiction of musicians aligns with genre painting traditions."
picasso/picasso_33.jpg,pablo-picasso,Expressionism,genre_painting,"artist: pablo-picasso
style: Expressionism
genre: genre_painting","The painting features distorted facial features, bold colors like deep reds and blacks, and emotional intensity typical of Picasso's Blue Period expressionistic tendencies. The everyday scene of a woman drinking absinthe at a table qualifies as genre painting, capturing ordinary life with dramatic flair. Shadowy backgrounds and exaggerated poses evoke inner turmoil, aligning with Expressionism."
picasso/picasso_34.jpg,pablo-picasso,Realism,nude_painting,"artist: pablo-picasso
style: Realism
genre: nude_painting","The painting shows a nude woman seated with arms crossed over her chest, wearing a white cap, rendered with realistic proportions, soft skin tones, and subtle shading. The figure's natural anatomy and detailed facial features emphasize a realist style rather than abstraction. Picasso's signature confirms the artist, fitting the nude painting genre."
rembrandt/rembrandt_0.jpg,rembrandt,Baroque,religious_painting,"artist: rembrandt
style: Baroque
genre: religious_painting","Dramatic chiaroscuro lighting with deep shadows and glowing highlights on figures exemplifies Rembrandt's mastery and Baroque drama. The central adoration scene with Magi kneeling before the Christ child, Mary, and Joseph identifies it as a religious painting. Rich textures in robes, emotional expressions, and dynamic composition reinforce the Baroque style."
rembrandt/rembrandt_1.jpg,rembrandt,Baroque,religious_painting,"artist: rembrandt
style: Baroque
genre: religious_painting","Dramatic chiaroscuro lighting with deep shadows and glowing highlights on figures exemplifies Rembrandt's mastery and Baroque intensity. Rich, textured drapery and architectural elements like arches convey opulent, emotional depth. The composition shows a holy family presentation with kneeling adorers, identifying it as a religious painting."
rembrandt/rembrandt_2.jpg,rembrandt,Baroque,religious_painting,"artist: rembrandt
style: Baroque
genre: religious_painting","The dramatic chiaroscuro lighting with intense highlights on the angel and deep shadows exemplifies Rembrandt's mastery and Baroque dynamism. The biblical scene of an angel appearing to shepherds, rendered in rich earthy tones and textured brushwork, fits religious painting perfectly. Voluminous drapery and emotional figures enhance the theatrical Baroque style."
rembrandt/rembrandt_3.jpg,rembrandt,Baroque,portrait,"artist: rembrandt
style: Baroque
genre: portrait","The dramatic chiaroscuro lighting, with strong contrasts between light and shadow on the face and clothing, exemplifies Rembrandt's mastery and Baroque style. The subject's elaborate lace collar, wide-brimmed hat, and introspective gaze are characteristic of 17th-century Dutch portraiture by Rembrandt. The composition centers on a single figure in rich, textured attire against a subdued background, defining the portrait genre."
rembrandt/rembrandt_4.jpg,rembrandt,Baroque,Unknown Genre,"artist: rembrandt
style: Baroque
genre: Unknown Genre","The dramatic chiaroscuro lighting from the window illuminates the man's face against dark shadows, hallmark of Rembrandt's etching technique. The introspective expression, wide-brimmed hat, and textured clothing evoke his self-portrait style. Rich tonal contrasts and intricate details align with Baroque portraiture."
rembrandt/rembrandt_5.jpg,rembrandt,Baroque,genre_painting,"artist: rembrandt
style: Baroque
genre: genre_painting","The loose, expressive ink lines and subtle hatching evoke Rembrandt's masterful etchings of everyday figures. Dramatic folds in the cloak and the old man's weary posture reflect Baroque emphasis on realism and emotion. This intimate depiction of a humble, aged wanderer fits genre painting's focus on ordinary life."
rembrandt/rembrandt_6.jpg,rembrandt,Baroque,Unknown Genre,"artist: rembrandt
style: Baroque
genre: Unknown Genre","The dramatic chiaroscuro lighting with deep shadows and glowing highlights on the armor and face is characteristic of Rembrandt's mastery of light. The rich textures in the metallic armor, feathers, and fabrics, along with the expressive, slightly androgynous face, evoke Rembrandt's portrait style. Ornate details like the gorgoneion shield and heavy drapery align with Baroque dynamism and theatricality, while the single mythological figure defies standard genre classification."
rembrandt/rembrandt_7.jpg,rembrandt,Baroque,religious_painting,"artist: rembrandt
style: Baroque
genre: religious_painting","Dramatic chiaroscuro lighting with intense shadows and glowing highlights on faces and fabrics is characteristic of Rembrandt's Baroque technique. Richly textured clothing, expressive poses, and intimate composition evoke a biblical or religious narrative. The solemn, contemplative figures kneeling before a regal presence reinforce the religious painting genre."
rembrandt/rembrandt_8.jpg,rembrandt,Baroque,genre_painting,"artist: rembrandt
style: Baroque
genre: genre_painting",The dramatic chiaroscuro lighting and rich textures in the clothing and faces evoke Rembrandt's Baroque mastery. The intimate domestic scene of an elderly couple at a table with papers and coins captures everyday life. Detailed brushwork and emotional depth align with 17th-century genre painting traditions.
rembrandt/rembrandt_9.jpg,rembrandt,Baroque,Unknown Genre,"artist: rembrandt
style: Baroque
genre: Unknown Genre","The drawing features dramatic chiaroscuro with deep shadows and highlights on the lion's mane, characteristic of Rembrandt's technique. The textured fur and reclining pose convey Baroque intensity and realism in animal studies. Loose, expressive lines match Rembrandt's sketch style, with genre unspecified."
rembrandt/rembrandt_10.jpg,rembrandt,Baroque,genre_painting,"artist: rembrandt
style: Baroque
genre: genre_painting","The intricate cross-hatching and rich tonal contrasts in the etching are hallmarks of Rembrandt's masterful technique. Dramatic chiaroscuro and expressive folds in the clothing embody Baroque intensity and realism. The depiction of an elderly figure in everyday, humble attire fits genre painting's focus on ordinary life."
rembrandt/rembrandt_11.jpg,rembrandt,Baroque,portrait,"artist: rembrandt
style: Baroque
genre: portrait","The painting features dramatic chiaroscuro lighting with deep shadows and focused highlights on faces and hands, characteristic of Rembrandt's mastery of light. Rich textures in clothing and fur, along with expressive, introspective figures in historical attire, evoke Baroque portraiture. The intimate double portrait composition emphasizes emotional depth and realism typical of Rembrandt's style."
rembrandt/rembrandt_12.jpg,rembrandt,Baroque,sketch_and_study,"artist: rembrandt
style: Baroque
genre: sketch_and_study","The loose, fluid pen lines and subtle hatching evoke Rembrandt's masterful sketch technique, capturing movement and texture in clothing folds. The dramatic profile pose and elaborate 17th-century attire reflect Baroque dynamism and realism. As a framed study, it emphasizes anatomical study over finished polish."
rembrandt/rembrandt_13.jpg,rembrandt,Baroque,sketch_and_study,"artist: rembrandt
style: Baroque
genre: sketch_and_study","The loose, fluid ink lines and rapid hatching suggest a preparatory sketch typical of Rembrandt's working method. Dramatic contrasts in tone and loosely rendered figures with expressive folds evoke Baroque dynamism and movement. Architectural elements in the background align with Rembrandt's studies of urban scenes and human figures."
rembrandt/rembrandt_14.jpg,rembrandt,Baroque,sketch_and_study,"artist: rembrandt
style: Baroque
genre: sketch_and_study","The image features loose, gestural ink lines and dramatic chiaroscuro shading typical of Rembrandt's Baroque sketches. The monochromatic brown tones and expressive folds in the draped figure suggest a quick study from life. Subtle highlights on the face and fabric enhance the intimate, contemplative mood."
rembrandt/rembrandt_15.jpg,rembrandt,Baroque,sketch_and_study,"artist: rembrandt
style: Baroque
genre: sketch_and_study","The loose, expressive pen lines and intricate cross-hatching create deep shadows and volume, hallmarks of Rembrandt's draftsmanship. Dramatic figure grouping and chiaroscuro lighting convey Baroque intensity and movement. Monochromatic ink on paper identifies it as a preparatory sketch study."
rembrandt/rembrandt_16.jpg,rembrandt,Baroque,religious_painting,"artist: rembrandt
style: Baroque
genre: religious_painting",The dramatic chiaroscuro lighting with deep shadows and glowing highlights on figures is hallmark of Rembrandt's Baroque technique. The central depiction of Christ being raised on the cross by attendants confirms a religious painting genre. Rich textures in clothing and emotional intensity evoke 17th-century Dutch Baroque drama.
rembrandt/rembrandt_17.jpg,rembrandt,Baroque,portrait,"artist: rembrandt
style: Baroque
genre: portrait","The painting employs dramatic chiaroscuro with deep shadows and glowing highlights on the face and lace, hallmark of Rembrandt's Baroque technique. Elaborate 17th-century attire like the wide-brimmed hat, ruffled collar, and textured fabrics reflects his portrait style. The intimate focus on a single male figure in formal pose confirms the portrait genre."
rembrandt/rembrandt_18.jpg,rembrandt,Baroque,portrait,"artist: rembrandt
style: Baroque
genre: portrait",The dramatic chiaroscuro lighting with deep shadows and glowing highlights on the face and turban exemplifies Rembrandt's mastery of light in Baroque portraits. Rich textures in the fur-lined robe and intricate fabric folds show his attention to detail and emotional depth. The intimate close-up of the bearded man with expressive eyes confirms the portrait genre.
rembrandt/rembrandt_19.jpg,rembrandt,Baroque,Unknown Genre,"artist: rembrandt
style: Baroque
genre: Unknown Genre","The dramatic chiaroscuro lighting with deep shadows and glowing highlights is characteristic of Rembrandt's mastery of light. The textured brushwork, furrowed face, and beret evoke his self-portraits from the Baroque era. The intimate, psychological depth and rich earthy tones confirm the 17th-century Dutch portrait style."
rembrandt/rembrandt_20.jpg,rembrandt,Baroque,genre_painting,"artist: rembrandt
style: Baroque
genre: genre_painting","The etching features dramatic chiaroscuro lighting and intricate cross-hatching typical of Rembrandt's technique in 1633. The subject's textured fur hat, beard, and simple attire evoke everyday life, aligning with Baroque dynamism and genre painting. Profile pose and expressive face capture intimate realism characteristic of Rembrandt's self-portrait studies."
rembrandt/rembrandt_21.jpg,rembrandt,Baroque,portrait,"artist: rembrandt
style: Baroque
genre: portrait","The image features dramatic chiaroscuro lighting with deep shadows and soft highlights on the face, characteristic of Rembrandt's Baroque technique. The subject's curly hair and introspective expression, rendered in earthy tones with loose brushwork, evoke Rembrandt's portrait style. The focus on a single figure in a dark background confirms the portrait genre."
rembrandt/rembrandt_22.jpg,rembrandt,Baroque,portrait,"artist: rembrandt
style: Baroque
genre: portrait","The painting showcases dramatic chiaroscuro with strong contrasts between light and shadow on the face, a hallmark of Rembrandt's mastery. Elaborate lace collar, wide-brimmed hat, and rich black attire evoke 17th-century Dutch Baroque opulence. The intimate focus on a single male figure with expressive gesture defines it as a classic portrait."
rembrandt/rembrandt_23.jpg,rembrandt,Baroque,genre_painting,"artist: rembrandt
style: Baroque
genre: genre_painting",The intricate line work and dramatic contrasts in shading evoke Rembrandt's mastery of etching in the Baroque tradition. Textural details in the fur hat and draped clothing highlight volumetric depth and realism. The depiction of a seated elderly figure in everyday attire aligns with genre painting's focus on ordinary subjects.
rembrandt/rembrandt_24.jpg,rembrandt,Baroque,sketch_and_study,"artist: rembrandt
style: Baroque
genre: sketch_and_study","The intricate cross-hatching and loose, fluid lines evoke Rembrandt's masterful etching technique, with dramatic light emanating from a central figure. Dynamic poses of kneeling and gesturing figures create a sense of movement and depth, hallmarks of Baroque composition. Unfinished edges and focused detailing on faces and drapery indicate a preparatory sketch study."
rembrandt/rembrandt_25.jpg,rembrandt,Baroque,portrait,"artist: rembrandt
style: Baroque
genre: portrait","The dramatic chiaroscuro lighting with deep shadows and glowing highlights on the face exemplifies Rembrandt's mastery of light. Rich textures in the fur, turban, and fabrics, along with the introspective gaze, are hallmarks of Baroque portraiture. The single-figure composition focused on expressive facial details confirms the portrait genre."
rembrandt/rembrandt_26.jpg,rembrandt,Baroque,sketch_and_study,"artist: rembrandt
style: Baroque
genre: sketch_and_study","The loose, hatched lines and expressive contours in this ink sketch mirror Rembrandt's rapid, gestural drawing style. Dynamic folds in the clothing and intimate maternal embrace convey Baroque emotional intensity and movement. As a preliminary study in monochrome, it exemplifies sketch and study practices of the era."
rembrandt/rembrandt_27.jpg,rembrandt,Baroque,portrait,"artist: rembrandt
style: Baroque
genre: portrait","The dramatic chiaroscuro lighting, with deep shadows and warm highlights on the face, exemplifies Rembrandt's mastery in Baroque portraiture. The subject's wide-brimmed black hat, intricate lace collar, and dark velvet clothing reflect 17th-century Dutch fashion typical of his self-portraits. Rich, textured brushwork and earthy tones further identify it as a Rembrandt Baroque portrait."
rembrandt/rembrandt_28.jpg,rembrandt,Baroque,Unknown Genre,"artist: rembrandt
style: Baroque
genre: Unknown Genre","The portrait features dramatic chiaroscuro lighting and rich impasto textures characteristic of Rembrandt's technique. The subject's expressive face, curly hair, feathered beret, and ornate armored collar align with Rembrandt's self-portraits from the Baroque era. The unknown genre reflects the ambiguous classification beyond a standard portrait style."
rembrandt/rembrandt_29.jpg,rembrandt,Baroque,portrait,"artist: rembrandt
style: Baroque
genre: portrait","The dramatic chiaroscuro lighting with deep shadows and glowing highlights on the face and pearls exemplifies Rembrandt's Baroque mastery. Rich textures in the black beret, velvet dress, and lace collar show his meticulous brushwork in portraiture. The oval format and introspective gaze capture the intimate, psychological depth typical of his self-portrait-like studies."
rembrandt/rembrandt_30.jpg,rembrandt,Baroque,portrait,"artist: rembrandt
style: Baroque
genre: portrait","The painting exhibits dramatic chiaroscuro with deep shadows and glowing highlights on the face and clothing, hallmark of Rembrandt's Baroque technique. Rich, textured fabrics in gold and white, along with intricate jewelry, evoke the opulence of 17th-century portraiture. The intimate focus on the subject's expressive face and poised stance confirms the portrait genre."
rembrandt/rembrandt_31.jpg,rembrandt,Baroque,landscape,"artist: rembrandt
style: Baroque
genre: landscape","The etching features dramatic chiaroscuro with deep shadows and highlights on trees and thatched cottages, hallmarks of Rembrandt's technique. Bold, textured strokes and atmospheric depth embody Baroque dynamism and realism. The rural scene with winding path and foliage clearly defines a landscape genre composition."
rembrandt/rembrandt_32.jpg,rembrandt,Baroque,Unknown Genre,"artist: rembrandt
style: Baroque
genre: Unknown Genre",The drawing features intricate cross-hatching and subtle tonal gradations typical of Rembrandt's meticulous technique in capturing texture and form. Dramatic chiaroscuro with deep shadows and highlights evokes the emotional intensity of Baroque style. The precise rendering of the shell's net-like pattern and soft underlighting suggests a focused study without clear narrative genre.
rembrandt/rembrandt_33.jpg,rembrandt,Baroque,religious_painting,"artist: rembrandt
style: Baroque
genre: religious_painting","Dramatic chiaroscuro lighting highlights the central figures against deep shadows, a hallmark of Rembrandt's Baroque mastery. Rich, textured robes and emotional intensity in the embracing figures suggest a biblical parable scene. The intimate, reverent composition with an elderly man blessing a kneeling prodigal son confirms a religious painting genre."
rembrandt/rembrandt_34.jpg,rembrandt,Baroque,sketch_and_study,"artist: rembrandt
style: Baroque
genre: sketch_and_study","The loose, hatched lines and subtle tonal washes create dramatic chiaroscuro typical of Rembrandt's sketches. Flowing drapery and expressive pose embody Baroque movement and emotion. Rough, unfinished quality on textured paper marks it as a study."
da_vinci/da_vinci_0.jpg,leonardo-da-vinci,High_Renaissance,sketch_and_study,"artist: leonardo-da-vinci
style: High_Renaissance
genre: sketch_and_study","The page features intricate pen sketches of arches, mechanical structures, and geometric forms with precise line work typical of Leonardo da Vinci's exploratory drawings. Mirror-reversed handwriting and annotated diagrams evoke his notebook studies from the High Renaissance. The unfinished, analytical quality confirms it as a sketch and study."
da_vinci/da_vinci_1.jpg,leonardo-da-vinci,Early_Renaissance,religious_painting,"artist: leonardo-da-vinci
style: Early_Renaissance
genre: religious_painting","The painting shows St. Jerome kneeling in a rugged landscape with a lion and skull, rendered with Leonardo da Vinci's precise anatomy and subtle sfumato shading. The balanced composition and naturalism reflect Early Renaissance innovations in perspective and humanism. The devotional subject of a penitent saint embodies religious painting traditions."
da_vinci/da_vinci_2.jpg,leonardo-da-vinci,High_Renaissance,portrait,"artist: leonardo-da-vinci
style: High_Renaissance
genre: portrait","The soft, sfumato shading and precise anatomical details in the faces and hair are hallmarks of Leonardo da Vinci's drawing technique. The balanced composition with expressive profiles facing each other exemplifies High Renaissance humanism. The intimate focus on two male heads clearly fits the portrait genre."
da_vinci/da_vinci_3.jpg,leonardo-da-vinci,High_Renaissance,religious_painting,"artist: leonardo-da-vinci
style: High_Renaissance
genre: religious_painting","The painting features Leonardo da Vinci's signature sfumato technique with soft, blended edges and realistic facial anatomy, evident in the gentle shading of the skin and hair. The serene, introspective expression and elegant pose align with High Renaissance ideals of harmony and humanism. The veiled figure with a brooch suggests a religious subject like the Virgin Mary, typical of devotional art."
da_vinci/da_vinci_4.jpg,leonardo-da-vinci,High_Renaissance,religious_painting,"artist: leonardo-da-vinci
style: High_Renaissance
genre: religious_painting","The painting features masterful sfumato shading and anatomical precision typical of Leonardo da Vinci's technique. The intense, expressive face with soft modeling and earthy tones aligns with High Renaissance ideals of humanism and realism. The solemn, prophetic figure suggests a religious context, common in da Vinci's devotional studies."
da_vinci/da_vinci_5.jpg,leonardo-da-vinci,High_Renaissance,sketch_and_study,"artist: leonardo-da-vinci
style: High_Renaissance
genre: sketch_and_study","The fluid, anatomical lines and dynamic rearing horse pose evoke Leonardo da Vinci's meticulous studies of animal motion. Hatching and contour shading on textured paper align with High Renaissance sketch techniques. Loose, exploratory strokes emphasize anatomical structure over finish, typical of preparatory studies."
da_vinci/da_vinci_6.jpg,leonardo-da-vinci,High_Renaissance,sketch_and_study,"artist: leonardo-da-vinci
style: High_Renaissance
genre: sketch_and_study","The page shows loose, gestural pen sketches of draped figures in dynamic poses, akin to Leonardo da Vinci's preparatory studies for the Last Supper. Geometric diagrams like circles, triangles, and a wheel, plus mirror-script notes, are signature elements of his notebooks. The exploratory line quality and anatomical focus define High Renaissance sketch work."
da_vinci/da_vinci_7.jpg,leonardo-da-vinci,Early_Renaissance,sketch_and_study,"artist: leonardo-da-vinci
style: Early_Renaissance
genre: sketch_and_study","The drawing features a detailed profile of a human head with anatomical cross-sections of the brain and optic nerves, rendered in fine ink lines on textured paper. Mirror-image script surrounds the figure, characteristic of Leonardo da Vinci's notebooks. Additional eye studies at the bottom emphasize scientific observation typical of Early Renaissance sketches."
da_vinci/da_vinci_8.jpg,leonardo-da-vinci,Early_Renaissance,portrait,"artist: leonardo-da-vinci
style: Early_Renaissance
genre: portrait","The portrait features a woman with pale skin, soft sfumato shading, and delicately rendered curls, hallmarks of Leonardo da Vinci's technique. The three-quarter pose against a hazy landscape with trees and mountains evokes Early Renaissance naturalism. Intricate foliage in the headdress adds lifelike detail typical of his portraits."
da_vinci/da_vinci_9.jpg,leonardo-da-vinci,High_Renaissance,sketch_and_study,"artist: leonardo-da-vinci
style: High_Renaissance
genre: sketch_and_study","The loose, fluid pen lines with cross-hatching and subtle tonal modeling capture Leonardo da Vinci's anatomical precision in figure studies. Draped forms and intimate family grouping reflect High Renaissance naturalism and humanism. The unfinished quality, exploratory poses, and geometric orb indicate a preparatory sketch and study."
da_vinci/da_vinci_10.jpg,leonardo-da-vinci,High_Renaissance,sketch_and_study,"artist: leonardo-da-vinci
style: High_Renaissance
genre: sketch_and_study","The intricate hatching and cross-hatching techniques create soft, volumetric shading typical of Leonardo da Vinci's anatomical studies. The loose, exploratory lines on the curly hair, beard, and drapery evoke High Renaissance sketch practices focused on observation and form. The contemplative pose of the elderly figure aligns with da Vinci's genre of head studies and preparatory drawings."
da_vinci/da_vinci_11.jpg,leonardo-da-vinci,High_Renaissance,sketch_and_study,"artist: leonardo-da-vinci
style: High_Renaissance
genre: sketch_and_study","The delicate pen lines, cross-hatching, and anatomical precision in the horse and figure studies evoke Leonardo da Vinci's meticulous draftsmanship. Dynamic poses and realistic proportions align with High Renaissance ideals of naturalism and humanism. The loose, exploratory composition on aged paper confirms the sketch and study genre."
da_vinci/da_vinci_12.jpg,leonardo-da-vinci,High_Renaissance,sketch_and_study,"artist: leonardo-da-vinci
style: High_Renaissance
genre: sketch_and_study","The delicate pen lines, subtle hatching for shading, and anatomical precision in draped figures evoke Leonardo da Vinci's meticulous draftsmanship. Dynamic poses of adults and children with soft modeling align with High Renaissance ideals of naturalism and humanism. Multiple exploratory sketches on one sheet typify Renaissance study practices for mastering form and movement."
da_vinci/da_vinci_13.jpg,leonardo-da-vinci,High_Renaissance,sketch_and_study,"artist: leonardo-da-vinci
style: High_Renaissance
genre: sketch_and_study","The aged, yellowed paper with fluid ink lines and mirror-script annotations evokes Leonardo da Vinci's notebook style. Dynamic horse poses with anatomical precision and subtle shading reflect High Renaissance mastery of form and movement. Multiple overlapping studies of figures and animals define this as a preparatory sketch genre."
da_vinci/da_vinci_14.jpg,leonardo-da-vinci,High_Renaissance,portrait,"artist: leonardo-da-vinci
style: High_Renaissance
genre: portrait","The portrait features a woman with an enigmatic smile, soft sfumato blending, and precise anatomical details characteristic of Leonardo da Vinci. The High Renaissance style is evident in the balanced composition, realistic flesh tones, and atmospheric perspective in the distant landscape. The three-quarter view and folded hands exemplify classic portrait genre conventions of the era."
da_vinci/da_vinci_15.jpg,leonardo-da-vinci,High_Renaissance,sketch_and_study,"artist: leonardo-da-vinci
style: High_Renaissance
genre: sketch_and_study","The intricate cross-hatching and subtle sfumato blending on the face and draped headscarf mirror Leonardo da Vinci's precise graphite techniques. Anatomical proportions and soft volumetric modeling embody High Renaissance humanism. Loose, exploratory lines on unfinished edges indicate a preparatory sketch focused on form and light study."
da_vinci/da_vinci_16.jpg,leonardo-da-vinci,High_Renaissance,landscape,"artist: leonardo-da-vinci
style: High_Renaissance
genre: landscape","The sketch features intricate hatching and sfumato-like blending in earthy tones for rugged coastlines and mountains, hallmarks of Leonardo da Vinci's landscape studies. Atmospheric depth and precise geological forms evoke High Renaissance naturalism. Grid lines indicate preparatory mapping typical of his scientific approach to observation."
da_vinci/da_vinci_17.jpg,leonardo-da-vinci,Early_Renaissance,religious_painting,"artist: leonardo-da-vinci
style: Early_Renaissance
genre: religious_painting","The painting depicts the Virgin Mary in a blue robe holding the infant Christ, surrounded by angels in a rocky cavernous landscape with soft atmospheric perspective and sfumato shading typical of Leonardo da Vinci. The naturalism in figures, precise anatomy, and subtle light effects align with Early Renaissance innovations. The sacred subject matter of Madonna and Child confirms it as religious painting."
da_vinci/da_vinci_18.jpg,leonardo-da-vinci,High_Renaissance,sketch_and_study,"artist: leonardo-da-vinci
style: High_Renaissance
genre: sketch_and_study","The detailed cross-hatching and sfumato-like shading on the face and hair capture Leonardo da Vinci's precise anatomical rendering. Exaggerated grotesque features in profile view match his studies of human proportions and expressions. The loose, preparatory sketch on aged paper exemplifies High Renaissance drawing practices."
da_vinci/da_vinci_19.jpg,leonardo-da-vinci,High_Renaissance,sketch_and_study,"artist: leonardo-da-vinci
style: High_Renaissance
genre: sketch_and_study","The drawing features intricate anatomical studies of human torsos, hearts, and limbs with precise, observational lines and cross-hatching for shading, hallmarks of Leonardo da Vinci's work. Mirror-image script fills the margins, a signature of his notebooks from the High Renaissance. Multiple exploratory sketches on one page emphasize scientific study over polished art."
da_vinci/da_vinci_20.jpg,leonardo-da-vinci,High_Renaissance,sketch_and_study,"artist: leonardo-da-vinci
style: High_Renaissance
genre: sketch_and_study","The image depicts detailed anatomical studies of the human skeleton from multiple angles, with precise line work and mirror-script annotations on aged paper, characteristic of Leonardo da Vinci. The realistic proportions and scientific observation reflect High Renaissance ideals of humanism and naturalism. As a preparatory sketch with exploratory poses and notes, it embodies the sketch and study genre."
da_vinci/da_vinci_21.jpg,leonardo-da-vinci,High_Renaissance,sketch_and_study,"artist: leonardo-da-vinci
style: High_Renaissance
genre: sketch_and_study","The intricate line work reveals a transparent human torso with meticulously detailed organs, vessels, and bones, hallmarks of Leonardo da Vinci's anatomical precision. Aged, textured paper and faint mirror-script annotations evoke High Renaissance study sketches. This composition prioritizes scientific observation over finish, defining the sketch_and_study genre."
da_vinci/da_vinci_22.jpg,leonardo-da-vinci,High_Renaissance,religious_painting,"artist: leonardo-da-vinci
style: High_Renaissance
genre: religious_painting","The portrait depicts Christ with long wavy hair, a subtle beard, and piercing eyes rendered in soft sfumato, evoking da Vinci's mastery of light and anatomy. The blue robe with intricate gold crosses, blessing gesture, and crystal orb symbolize salvation, hallmarks of religious painting. The balanced composition and realistic yet ethereal quality align with High Renaissance ideals."
da_vinci/da_vinci_23.jpg,leonardo-da-vinci,High_Renaissance,religious_painting,"artist: leonardo-da-vinci
style: High_Renaissance
genre: religious_painting","The profile portrait of an elderly bald man with a long beard and draped robe uses soft, gradual shading reminiscent of Leonardo da Vinci's sfumato technique. The realistic anatomy, solemn expression, and earthy tones align with High Renaissance ideals. The contemplative pose and attire evoke a religious figure like a prophet or saint."
da_vinci/da_vinci_24.jpg,leonardo-da-vinci,High_Renaissance,sketch_and_study,"artist: leonardo-da-vinci
style: High_Renaissance
genre: sketch_and_study","The artwork shows intricate pen-and-ink sketches of horses and riders in dynamic poses on aged, textured paper, with multiple exploratory views typical of Leonardo da Vinci's preparatory studies. Subtle hatching for shading and anatomical precision reflect High Renaissance mastery. The informal composition with annotations and small marginal drawings confirms the sketch and study genre."
da_vinci/da_vinci_25.jpg,leonardo-da-vinci,High_Renaissance,sketch_and_study,"artist: leonardo-da-vinci
style: High_Renaissance
genre: sketch_and_study","The delicate, precise line work and subtle shading capture the intricate structure of lily petals and stems, mirroring Leonardo da Vinci's detailed botanical studies. The anatomical accuracy and naturalistic observation reflect High Renaissance mastery of form and light. This loose, exploratory rendering fits the genre of preparatory sketches and studies."
da_vinci/da_vinci_26.jpg,leonardo-da-vinci,Early_Renaissance,sketch_and_study,"artist: leonardo-da-vinci
style: Early_Renaissance
genre: sketch_and_study","The pen-and-ink drawing shows a robed figure with meticulously rendered fabric folds and subtle anatomical details, hallmarks of Leonardo da Vinci's observational sketches. Mirror-script annotations and aged, textured paper evoke Early Renaissance techniques. The loose, exploratory lines and incidental dog sketch at the base confirm its genre as a preparatory study."
da_vinci/da_vinci_27.jpg,leonardo-da-vinci,High_Renaissance,sketch_and_study,"artist: leonardo-da-vinci
style: High_Renaissance
genre: sketch_and_study","The intricate line work and detailed observation of plant structure evoke Leonardo da Vinci's meticulous botanical studies. Fine, fluid strokes on textured paper align with High Renaissance techniques for natural realism. This focused depiction of stems and fronds exemplifies a preparatory sketch for deeper anatomical exploration."
da_vinci/da_vinci_28.jpg,leonardo-da-vinci,High_Renaissance,portrait,"artist: leonardo-da-vinci
style: High_Renaissance
genre: portrait","The intricate hatching and sfumato-like blending in the facial shading, along with precise anatomical rendering of the neck and shoulders, evoke Leonardo da Vinci's masterful drawing techniques. The curly hair and intense, expressive features align with High Renaissance portrait studies emphasizing realism and emotion. The central bust composition focused on the head confirms the portrait genre."
da_vinci/da_vinci_29.jpg,leonardo-da-vinci,High_Renaissance,religious_painting,"artist: leonardo-da-vinci
style: High_Renaissance
genre: religious_painting","The soft sfumato shading, precise anatomical details, and ethereal figures are hallmarks of Leonardo da Vinci's mastery. The balanced composition, dramatic rocky landscape, and naturalism define High Renaissance style. The depiction of the Virgin Mary with the Christ child holding a cross confirms its religious painting genre."
da_vinci/da_vinci_30.jpg,leonardo-da-vinci,High_Renaissance,religious_painting,"artist: leonardo-da-vinci
style: High_Renaissance
genre: religious_painting","The painting features a youthful male figure with flowing auburn curls, subtle sfumato shading on the face, and precise anatomical rendering typical of Leonardo da Vinci's technique. The raised hand pointing heavenward while holding a cross staff identifies the subject as Saint John the Baptist, a common religious motif. Dramatic chiaroscuro lighting and balanced composition reflect High Renaissance ideals of harmony and naturalism."
da_vinci/da_vinci_31.jpg,leonardo-da-vinci,High_Renaissance,sketch_and_study,"artist: leonardo-da-vinci
style: High_Renaissance
genre: sketch_and_study","The drawing features fluid, anatomical lines and subtle hatching on blue paper, characteristic of Leonardo da Vinci's preparatory sketches. Dynamic rearing horse and nude rider emphasize realistic musculature and movement, hallmarks of High Renaissance mastery. Loose, exploratory strokes confirm it as a sketch and anatomical study."
da_vinci/da_vinci_32.jpg,leonardo-da-vinci,Early_Renaissance,sketch_and_study,"artist: leonardo-da-vinci
style: Early_Renaissance
genre: sketch_and_study","The fine hatching, soft contours, and subtle tonal modeling in the face and hair are hallmarks of Leonardo da Vinci's drawing technique. The loose, exploratory lines and focus on anatomical details reflect Early Renaissance preparatory studies. This bust portrait on textured paper exemplifies a sketch and study genre."
da_vinci/da_vinci_33.jpg,leonardo-da-vinci,High_Renaissance,sketch_and_study,"artist: leonardo-da-vinci
style: High_Renaissance
genre: sketch_and_study","The loose, swirling ink lines and rapid hatching capture Leonardo da Vinci's exploratory drawing technique in his notebooks. Architectural fragments intertwined with organic curls reflect High Renaissance fusion of structure and nature. This composition exemplifies a sketch and study, with unfinished, gestural marks prioritizing observation over polish."
da_vinci/da_vinci_34.jpg,leonardo-da-vinci,High_Renaissance,portrait,"artist: leonardo-da-vinci
style: High_Renaissance
genre: portrait","The painting shows a woman in Renaissance attire holding an ermine, with Leonardo da Vinci's characteristic sfumato shading for soft, realistic skin tones and fur texture. The harmonious proportions, detailed anatomy, and elegant pose reflect High Renaissance mastery. The intimate focus on the sitter identifies it as a classic portrait genre."
